date_photo,mayflies,date_sample,location,transect,distance,ind_code,sex,life_stage,body_length,body_length_reliability,dry_weight,wing_area,wing_reliability,pronotum_width,mesonotum_width,pronotum_mesonotum_reliability
45595,1,45424,hierd0,1,0,hierd0_1_0_240512_1,f,imago,13.366,2,NA,56.95093635,3,1.194916602,1.511367485,1
45600,1,45425,hierd0,1,0,hierd0_1_0_240513_1,f,imago,19.299,1,5.5,96.07776007,1,1.165818473,1.517474175,2
NA,0,45424,hierd0,1,50,NA,NA,NA,NA,NA,NA,NA,NA,NA,NA,NA
NA,0,45424,hierd0,1,100,NA,NA,NA,NA,NA,NA,NA,NA,NA,NA,NA
45600,1,45426,hierd0,1,0,hierd0_1_0_240514_1,f,imago,17.447,1,5.3,96.05155285,1,1.2384375,1.880138889,1
45595,1,45424,hierd0,2,0,hierd0_2_0_240512_1,m,imago,NA,NA,4.5,56.74846537,2,NA,NA,NA
NA,0,45424,hierd0,2,25,NA,NA,NA,NA,NA,NA,NA,NA,NA,NA,NA
NA,0,45424,hierd0,2,50,NA,NA,NA,NA,NA,NA,NA,NA,NA,NA,NA
45600,1,45426,hierd0,1,0,hierd0_1_0_240514_2,f,imago,16.524,2,12,112.6774082,1,1.120926255,1.846959604,2
45600,1,45426,hierd0,1,0,hierd0_1_0_240514_3,f,imago,21.076,1,6.6,118.2434031,1,1.659834523,1.933302765,1
45600,1,45426,hierd0,1,0,hierd0_1_0_240514_4,f,imago,16.441,2,NA,109.6741024,1,1.356384823,1.726503433,1
NA,0,45424,hierd0,3,0,NA,NA,NA,NA,NA,NA,NA,NA,NA,NA,NA
45595,1,45424,hierd0,3,25,hierd0_3_25_240512_1,f,imago,NA,NA,NA,78.62457055,3,NA,NA,NA
45600,1,45426,hierd0,1,0,hierd0_1_0_240514_5,f,imago,NA,3,NA,76.01693685,2,1.191326973,1.795212489,1
45600,1,45426,hierd0,1,0,hierd0_1_0_240514_6,f,imago,18.888,1,NA,104.8170828,1,1.645179295,1.92638709,1
NA,NA,45424,hierd0,3,150,NA,NA,NA,NA,NA,NA,NA,NA,NA,NA,NA
NA,0,45424,hierd0,4,0,NA,NA,NA,NA,NA,NA,NA,NA,NA,NA,NA
45595,1,45424,hierd0,4,25,hierd0_4_25_240512_1,m,subimago,16.191,1,7.9,76.89763558,1,NA,NA,2
45600,1,45426,hierd0,1,0,hierd0_1_0_240514_7,f,imago,18.113,1,NA,83.54747818,1,1.161453022,1.673590058,1
NA,0,45424,hierd0,4,50,NA,NA,NA,NA,NA,NA,NA,NA,NA,NA,NA
NA,0,45424,hierd0,4,100,NA,NA,NA,NA,NA,NA,NA,NA,NA,NA,NA
NA,0,45424,hierd0,4,150,NA,NA,NA,NA,NA,NA,NA,NA,NA,NA,NA
NA,0,45424,hierd0,5,0,NA,NA,NA,NA,NA,NA,NA,NA,NA,NA,NA
45600,1,45426,hierd0,1,0,hierd0_1_0_240514_8,f,imago,18.4,1,NA,84.54023553,1,1.266957016,1.515089262,1
NA,0,45424,hierd0,5,50,NA,NA,NA,NA,NA,NA,NA,NA,NA,NA,NA
NA,NA,45424,hierd0,5,100,NA,NA,NA,NA,NA,NA,NA,NA,NA,NA,NA
NA,0,45424,hierd0,5,150,NA,NA,NA,NA,NA,NA,NA,NA,NA,NA,NA
45600,1,45426,hierd0,1,0,hierd0_1_0_240514_9,f,imago,16.827,1,11.9,85.24750908,1,1.338974168,1.629670239,1
45595,1,45424,hierd0,1,150,hierd0_1_150_240512_1,f,imago,21.606,1,21,121.3144913,1,1.562386003,2.098527326,1
45600,1,45426,hierd0,1,150,hierd0_1_150_240514_1,f,imago,14.398,1,NA,91.9321138,1,1.073437305,1.481383754,2
45600,1,45426,hierd0,1,150,hierd0_1_150_240514_2,f,imago,17.268,1,NA,88.15136431,1,1.453206556,1.723838352,1
45600,1,45426,hierd0,1,150,hierd0_1_150_240514_3,f,imago,20.825,1,9.1,123.857282,1,1.645446932,2.027402164,1
45595,1,45424,hierd0,1,25,hierd0_1_25_240512_1,f,imago,14.571,2,8.3,73.12822225,1,1.17935043,1.570731165,1
45595,1,45426,hierd0,1,25,hierd0_1_25_240514_1,f,imago,19.53,2,8.6,106.0752777,1,1.400246891,1.65513817,1
45595,1,45426,hierd0,1,25,hierd0_1_25_240514_2,f,imago,17.368,1,8.7,76.88266879,1,1.16249319,1.651448591,2
45602,1,45424,hierd4,1,100,hierd4_1_100_240512_2,f,imago,17.124,1,NA,NA,NA,1.244008745,1.587346469,2
NA,0,45424,hierd4,1,150,NA,NA,NA,NA,NA,NA,NA,NA,NA,NA,NA
NA,NA,45424,hierd4,2,0,NA,NA,NA,NA,NA,NA,NA,NA,NA,NA,NA
45595,1,45426,hierd0,1,50,hierd0_1_50_240514_1,f,imago,17.292,1,7.2,87.24190893,1,1.12836252,1.674385824,2
45600,1,45426,hierd0,2,0,hierd0_2_0_240514_1,f,imago,16.062,1,NA,93.03746406,1,1.180093602,1.545127557,1
NA,NA,45424,hierd4,2,50,NA,NA,NA,NA,NA,NA,NA,NA,NA,NA,NA
45600,1,45426,hierd0,2,0,hierd0_2_0_240514_2,f,imago,18.387,1,NA,115.2297945,3,1.502947909,1.954567524,1
45600,1,45426,hierd0,2,0,hierd0_2_0_240514_3,f,imago,15.401,1,NA,74.43862271,1,1.37317053,1.656996775,1
45600,1,45426,hierd0,2,0,hierd0_2_0_240514_4,f,imago,18.629,1,5.9,90.09146019,1,1.42651037,1.656412568,1
45600,1,45426,hierd0,2,0,hierd0_2_0_240514_5,f,imago,15.847,1,6.3,86.73397611,2,1.322506044,1.711813367,1
45595,1,45424,hierd0,2,100,hierd0_2_100_240512_1,f,imago,17.58,1,6.7,94.34646712,2,1.481262071,1.827187804,1
45595,1,45424,hierd0,2,100,hierd0_2_100_240512_2,f,imago,18.542,1,11.3,78.66856398,2,1.228698717,1.534657904,2
45600,1,45426,hierd0,2,100,hierd0_2_100_240514_1,f,imago,19.03,1,17.7,88.75859914,2,1.34382617,1.319521121,2
45595,1,45424,hierd0,2,150,hierd0_2_150_240512_1,f,imago,22.952,1,23,106.4521943,2,1.460521506,2.08878437,1
45595,1,45434,hierd0,2,150,hierd0_2_150_240522_1,f,imago,20.466,1,8.2,122.7541635,1,1.352014094,1.828703389,1
45600,1,45425,hierd0,2,25,hierd0_2_25_240513_1,f,imago,20.629,1,20.3,114.7231688,1,1.502842033,1.995391673,1
45595,1,45426,hierd0,2,25,hierd0_2_25_240514_1,f,imago,15.757,1,10.7,86.70549217,1,1.468615237,1.724304355,1
45595,1,45431,hierd0,2,25,hierd0_2_25_240519_1,m,imago,16.152,1,4.1,67.66381337,1,1.072927523,1.572702177,2
45595,1,45431,hierd0,2,25,hierd0_2_25_240519_2,f,imago,19.747,1,5.8,90.3588181,1,1.314238163,1.643636847,1
NA,0,45424,hierd4,3,100,NA,NA,NA,NA,NA,NA,NA,NA,NA,NA,NA
NA,0,45424,hierd4,3,150,NA,NA,NA,NA,NA,NA,NA,NA,NA,NA,NA
45600,1,45426,hierd0,2,50,hierd0_2_50_240514_1,f,imago,19.665,1,NA,96.83219178,2,1.217465753,1.543424658,2
45600,1,45426,hierd0,2,50,hierd0_2_50_240514_2,f,imago,16.03,1,14.1,93.2661746,2,1.38662474,1.663080806,1
45602,1,45424,hierd4,4,0,hierd4_4_0_240512_4,NA,NA,NA,NA,NA,NA,NA,NA,NA,NA
45602,1,45424,hierd4,4,0,hierd4_4_0_240512_5,NA,NA,NA,NA,NA,NA,NA,NA,NA,NA
45600,1,45426,hierd0,2,50,hierd0_2_50_240514_3,f,imago,21.942,1,NA,136.9311717,3,1.954175574,2.207020206,1
45600,1,45426,hierd0,2,50,hierd0_2_50_240514_4,f,imago,16.934,1,NA,92.66510116,1,1.239777413,1.719911462,1
NA,NA,45424,hierd4,4,50,NA,NA,NA,NA,NA,NA,NA,NA,NA,NA,NA
45600,1,45426,hierd0,3,0,hierd0_3_0_240514_1,f,imago,14.876,1,NA,80.02555135,3,1.175740958,1.796304313,1
45600,1,45426,hierd0,3,0,hierd0_3_0_240514_2,f,imago,19.804,1,9.5,127.6697756,1,1.781338717,2.060375954,1
45600,1,45426,hierd0,3,0,hierd0_3_0_240514_3,f,imago,16.419,1,NA,99.88853609,1,1.270721108,1.576331427,1
45602,1,45424,hierd4,4,150,hierd4_4_150_240512_1,f,imago,16.563,2,NA,NA,NA,NA,NA,NA
45600,1,45426,hierd0,3,0,hierd0_3_0_240514_4,f,imago,15.304,1,NA,72.98161375,3,1.090185604,1.686414925,1
45600,1,45426,hierd0,3,0,hierd0_3_0_240514_5,f,imago,13.936,1,NA,NA,NA,1.035313331,1.163262657,2
45600,1,45426,hierd0,3,0,hierd0_3_0_240514_6,f,imago,15.995,2,NA,NA,NA,1.128230854,1.488598593,1
45595,1,45431,hierd0,3,0,hierd0_3_0_240519_1,f,imago,21.507,1,8.1,107.4335362,1,1.406217451,1.961580124,1
45595,1,45424,hierd0,3,100,hierd0_3_100_240512_1,f,imago,19.806,1,20.9,92.68126339,3,1.495174757,1.973589584,1
NA,0,45424,hierd4,5,25,NA,NA,NA,NA,NA,NA,NA,NA,NA,NA,NA
NA,0,45424,hierd4,5,50,NA,NA,NA,NA,NA,NA,NA,NA,NA,NA,NA
NA,0,45424,hierd4,5,100,NA,NA,NA,NA,NA,NA,NA,NA,NA,NA,NA
45595,1,45426,hierd0,3,25,hierd0_3_25_240514_1,f,imago,20.373,1,17,105.740434,1,1.319868336,1.753782907,1
45595,1,45424,hierd0,3,50,hierd0_3_50_240512_1,f,subimago,16.289,1,8.9,78.47339478,1,1.538661816,1.813637342,1
45600,1,45426,hierd0,3,50,hierd0_3_50_240514_1,f,imago,21.141,1,18.9,112.7445232,2,1.636273368,1.910086968,1
45600,1,45425,hierd0,1,25,hierd0_1_25_240513_1,m,imago,13.798,1,2.3,57.18195409,1,NA,NA,2
NA,0,45425,hierd0,1,50,NA,NA,NA,NA,NA,NA,NA,NA,NA,NA,NA
NA,0,45425,hierd0,1,100,NA,NA,NA,NA,NA,NA,NA,NA,NA,NA,NA
NA,0,45425,hierd0,1,150,NA,NA,NA,NA,NA,NA,NA,NA,NA,NA,NA
NA,NA,45425,hierd0,2,0,NA,NA,NA,NA,NA,NA,NA,NA,NA,NA,NA
45600,1,45426,hierd0,3,50,hierd0_3_50_240514_3,f,imago,17.416,1,12.3,86.94586496,1,1.196766185,1.58281523,1
NA,0,45425,hierd0,2,50,NA,NA,NA,NA,NA,NA,NA,NA,NA,NA,NA
NA,NA,45425,hierd0,2,100,NA,NA,NA,NA,NA,NA,NA,NA,NA,NA,NA
NA,NA,45425,hierd0,2,150,NA,NA,NA,NA,NA,NA,NA,NA,NA,NA,NA
NA,NA,45425,hierd0,3,0,NA,NA,NA,NA,NA,NA,NA,NA,NA,NA,NA
NA,NA,45425,hierd0,3,25,NA,NA,NA,NA,NA,NA,NA,NA,NA,NA,NA
NA,0,45425,hierd0,3,50,NA,NA,NA,NA,NA,NA,NA,NA,NA,NA,NA
NA,0,45425,hierd0,3,100,NA,NA,NA,NA,NA,NA,NA,NA,NA,NA,NA
NA,0,45425,hierd0,3,150,NA,NA,NA,NA,NA,NA,NA,NA,NA,NA,NA
45600,1,45426,hierd0,3,50,hierd0_3_50_240514_4,f,imago,19.679,1,NA,NA,NA,1.518922465,1.817212678,1
45600,1,45425,hierd0,4,0,hierd0_4_0_240513_1,f,imago,17.869,1,5.2,74.40880177,1,1.247975635,1.670528355,1
45600,1,45426,hierd0,4,0,hierd0_4_0_240514_1,f,imago,21.026,1,8.8,109.7231648,1,1.643276346,2.05254374,1
NA,0,45425,hierd0,4,50,NA,NA,NA,NA,NA,NA,NA,NA,NA,NA,NA
NA,0,45425,hierd0,4,100,NA,NA,NA,NA,NA,NA,NA,NA,NA,NA,NA
NA,0,45425,hierd0,4,150,NA,NA,NA,NA,NA,NA,NA,NA,NA,NA,NA
45600,1,45426,hierd0,4,0,hierd0_4_0_240514_2,f,imago,15.439,2,12.5,86.44546968,3,1.192211731,1.599830872,1
45600,1,45426,hierd0,4,0,hierd0_4_0_240514_3,f,imago,14.479,2,NA,98.06207916,1,1.191225183,1.748262189,2
45595,1,45426,hierd0,4,100,hierd0_4_100_240514_1,f,imago,18.668,1,6.4,102.0246479,1,1.253450704,1.78778169,1
45595,1,45426,hierd0,4,100,hierd0_4_100_240514_2,f,imago,19.818,1,10.4,134.4546028,1,1.943166693,2.121025082,1
NA,0,45425,hierd0,5,50,NA,NA,NA,NA,NA,NA,NA,NA,NA,NA,NA
NA,0,45425,hierd0,5,100,NA,NA,NA,NA,NA,NA,NA,NA,NA,NA,NA
NA,0,45425,hierd0,5,150,NA,NA,NA,NA,NA,NA,NA,NA,NA,NA,NA
45595,1,45431,hierd0,4,100,hierd0_4_100_240519_1,f,imago,20.865,1,8.9,120.1803874,1,1.329822321,1.753564812,1
45595,1,45426,hierd0,4,150,hierd0_4_150_240514_1,f,imago,15.081,1,11.4,76.63356066,2,1.279758643,1.541867569,1
45595,1,45426,hierd0,4,150,hierd0_4_150_240514_2,f,imago,17.467,1,16.7,102.2282382,1,1.388707483,1.767721088,1
NA,0,45425,hierd4,1,25,NA,NA,NA,NA,NA,NA,NA,NA,NA,NA,NA
NA,0,45425,hierd4,1,50,NA,NA,NA,NA,NA,NA,NA,NA,NA,NA,NA
NA,0,45425,hierd4,1,100,NA,NA,NA,NA,NA,NA,NA,NA,NA,NA,NA
45595,1,45426,hierd0,4,150,hierd0_4_150_240514_3,f,imago,21.93,1,19.6,111.3317419,2,1.660972222,1.961875,1
45595,1,45426,hierd0,4,150,hierd0_4_150_240514_4,f,imago,19.327,1,17.7,112.6285518,2,1.513925433,1.886688747,1
45595,1,45424,hierd0,4,25,hierd0_4_25_240512_2,f,imago,16.891,2,6.5,94.83186511,1,1.52502517,1.642220751,2
45600,1,45425,hierd0,4,25,hierd0_4_25_240513_1,m,imago,15.281,1,4,59.33285992,1,1.013668683,1.433073798,1
45600,1,45425,hierd0,4,25,hierd0_4_25_240513_2,f,imago,14.763,1,12.5,91.31410219,2,1.128655253,1.585316243,2
45595,1,45434,hierd0,4,25,hierd0_4_25_240522_1,f,imago,19.945,2,7.9,123.6378965,1,1.331793471,1.832448382,1
45600,1,45426,hierd0,4,50,hierd0_4_50_240514_1,f,imago,20.181,1,13.6,104.0056806,2,1.375262861,1.855629012,1
NA,0,45425,hierd4,2,50,NA,NA,NA,NA,NA,NA,NA,NA,NA,NA,NA
NA,0,45425,hierd4,2,100,NA,NA,NA,NA,NA,NA,NA,NA,NA,NA,NA
NA,0,45425,hierd4,2,150,NA,NA,NA,NA,NA,NA,NA,NA,NA,NA,NA
45600,1,45426,hierd0,4,50,hierd0_4_50_240514_2,f,imago,17.434,1,9.7,91.06187543,1,1.307972197,1.597737704,1
45600,1,45426,hierd0,4,50,hierd0_4_50_240514_3,m,imago,17.285,1,6.8,78.93243847,2,0.752823865,1.853579654,2
45600,1,45425,hierd0,5,0,hierd0_5_0_240513_1,f,imago,16.929,1,7.3,103.0397315,1,1.492900147,1.793549099,1
45600,1,45425,hierd0,5,0,hierd0_5_0_240513_2,f,imago,18.279,1,NA,97.46631475,1,1.156474547,1.627429076,1
45600,1,45425,hierd0,5,0,hierd0_5_0_240513_3,f,imago,16.539,1,9.1,89.36606155,1,1.339910013,1.677943583,1
45600,1,45426,hierd0,5,0,hierd0_5_0_240514_1,f,imago,17.276,1,NA,102.4020225,3,1.166509492,1.753420258,1
NA,0,45425,hierd4,3,50,NA,NA,NA,NA,NA,NA,NA,NA,NA,NA,NA
45600,1,45426,hierd0,5,0,hierd0_5_0_240514_2,f,imago,21.979,1,NA,133.6174786,1,1.394865323,2.217027321,1
NA,0,45425,hierd4,3,150,NA,NA,NA,NA,NA,NA,NA,NA,NA,NA,NA
45600,1,45426,hierd0,5,0,hierd0_5_0_240514_3,f,imago,20.962,1,NA,125.1238689,1,1.524044026,1.974890927,1
45600,1,45426,hierd0,5,0,hierd0_5_0_240514_4,f,imago,17.4,1,NA,93.76114546,2,1.451348183,1.709399352,1
45600,1,45426,hierd0,5,0,hierd0_5_0_240514_5,f,imago,14.688,3,NA,95.7399671,2,1.204084325,1.478085464,2
45595,1,45434,hierd0,5,0,hierd0_5_0_240522_1,f,imago,20.066,1,7.4,94.16322541,1,1.518162816,1.600522211,1
45595,1,45434,hierd0,5,100,hierd0_5_100_240522_1,f,imago,19.333,3,8.4,122.3334649,1,1.439443387,1.832495452,1
45595,1,45426,hierd0,5,150,hierd0_5_150_240514_1,f,imago,19.551,1,19.7,102.4369027,2,1.167010338,1.626518072,2
45595,1,45424,hierd0,5,25,hierd0_5_25_240512_1,m,imago,14.391,1,4.2,58.66488233,1,0.940763889,1.400902778,1
NA,0,45425,hierd4,4,25,NA,NA,NA,NA,NA,NA,NA,NA,NA,NA,NA
NA,0,45425,hierd4,4,50,NA,NA,NA,NA,NA,NA,NA,NA,NA,NA,NA
NA,0,45425,hierd4,4,100,NA,NA,NA,NA,NA,NA,NA,NA,NA,NA,NA
45600,1,45425,hierd0,5,25,hierd0_5_25_240513_4,m,imago,15.557,3,5.7,74.13440758,1,1.067361507,1.40986293,1
NA,NA,45425,hierd4,5,0,NA,NA,NA,NA,NA,NA,NA,NA,NA,NA,NA
NA,0,45425,hierd4,5,25,NA,NA,NA,NA,NA,NA,NA,NA,NA,NA,NA
NA,0,45425,hierd4,5,50,NA,NA,NA,NA,NA,NA,NA,NA,NA,NA,NA
NA,0,45425,hierd4,5,100,NA,NA,NA,NA,NA,NA,NA,NA,NA,NA,NA
NA,0,45425,hierd4,5,150,NA,NA,NA,NA,NA,NA,NA,NA,NA,NA,NA
45595,1,45426,hierd0,5,25,hierd0_5_25_240514_1,m,imago,14.611,1,3.9,62.95485479,1,0.949854515,1.456760717,1
45595,1,45426,hierd0,5,25,hierd0_5_25_240514_2,f,subimago,16.331,1,13.6,76.03640166,1,1.754288838,1.557441714,2
45595,1,45431,hierd0,5,25,hierd0_5_25_240519_1,f,imago,18.151,1,5.8,79.34782228,1,1.074595668,1.376881037,2
45600,1,45426,hierd0,5,50,hierd0_5_50_240514_1,f,imago,16.856,2,NA,85.87758954,1,1.265567462,1.663977271,1
45602,1,45424,hierd4,1,0,hierd4_1_0_240512_1,m,imago,12.503,1,3.2,58.02161169,2,0.924753503,1.307836015,1
45602,1,45424,hierd4,1,0,hierd4_1_0_240512_2,f,imago,18.796,1,NA,100.5904995,2,1.097913135,1.641270038,1
45602,1,45424,hierd4,1,0,hierd4_1_0_240512_3,f,imago,16.952,1,NA,87.37115515,2,1.124891587,1.667302689,1
45602,1,45424,hierd4,1,0,hierd4_1_0_240512_4,f,imago,19.328,1,NA,92.16921934,1,1.233324315,2.023316476,2
45602,1,45424,hierd4,1,0,hierd4_1_0_240512_5,f,imago,17.877,1,NA,104.7515099,2,1.249019948,2.012211622,1
45602,1,45425,hierd4,1,0,hierd4_1_0_240513_1,f,imago,17.119,1,NA,96.19362801,2,1.229846218,1.618302186,1
45602,1,45425,hierd4,1,0,hierd4_1_0_240513_2,f,imago,19.886,1,NA,101.8443782,2,1.604382738,1.980199392,1
45602,1,45425,hierd4,1,0,hierd4_1_0_240513_3,m,imago,13.492,2,4.5,65.65813775,2,0.831236694,NA,1
45595,1,45426,hierd0,1,100,hierd0_1_100_240514_1,f,imago,NA,NA,7.1,80.58296965,1,NA,NA,NA
45601,1,45426,hierd4,1,0,hierd4_1_0_240514_1,f,imago,21.028,1,NA,113.1817493,1,1.495461964,1.894397781,1
45601,1,45426,hierd4,1,0,hierd4_1_0_240514_10,f,imago,16.916,1,9.1,119.0554353,2,1.406108402,1.855072464,1
45601,1,45426,hierd4,1,0,hierd4_1_0_240514_11,f,imago,19.482,1,NA,NA,NA,1.512904788,1.818191254,1
45601,1,45426,hierd4,1,0,hierd4_1_0_240514_12,f,imago,18.439,1,6.9,80.57698009,2,1.439308843,1.830580633,1
45601,1,45426,hierd4,1,0,hierd4_1_0_240514_13,f,imago,16.54,1,10,NA,NA,1.244823081,1.633369931,1
45601,1,45426,hierd4,1,0,hierd4_1_0_240514_14,f,imago,20.468,1,NA,NA,NA,1.487911176,1.90726713,1
45601,1,45426,hierd4,1,0,hierd4_1_0_240514_2,f,imago,20.858,1,NA,98.94760625,1,1.438344411,1.900984087,1
45601,1,45426,hierd4,1,0,hierd4_1_0_240514_3,f,imago,19.156,3,NA,NA,NA,1.328423026,1.969072981,1
45601,1,45426,hierd4,1,0,hierd4_1_0_240514_4,f,imago,21.331,1,NA,88.62749351,1,1.44313404,1.847019859,1
45601,1,45426,hierd4,1,0,hierd4_1_0_240514_5,f,imago,19.407,1,NA,86.20366586,1,1.37357295,1.796661067,1
45601,1,45426,hierd4,1,0,hierd4_1_0_240514_6,f,imago,20.823,1,8.9,116.6244023,2,1.320001058,1.864600693,1
45601,1,45426,hierd4,1,0,hierd4_1_0_240514_7,f,imago,22.928,1,NA,130.8758214,1,1.381307438,1.899944622,1
45601,1,45426,hierd4,1,0,hierd4_1_0_240514_8,f,imago,18.323,3,NA,67.17153536,3,1.266982851,1.622725264,1
45601,1,45426,hierd4,1,0,hierd4_1_0_240514_9,f,imago,20.104,1,NA,117.8651241,1,1.875065016,1.890114082,1
45600,1,45426,hierd0,2,100,hierd0_2_100_240514_2,f,imago,15.892,3,7.4,71.16762304,2,NA,NA,NA
NA,0,45426,hierd0,2,150,NA,NA,NA,NA,NA,NA,NA,NA,NA,NA,NA
45602,1,45430,hierd4,1,0,hierd4_1_0_240518_1,f,imago,NA,3,NA,91.20940619,1,1.059839865,1.642073049,1
45602,1,45430,hierd4,1,0,hierd4_1_0_240518_2,f,imago,NA,3,NA,118.0251942,2,1.322015856,1.735119891,1
45602,1,45430,hierd4,1,0,hierd4_1_0_240518_3,f,imago,18.869,1,NA,107.9247337,2,1.307276239,1.373083347,2
45602,1,45431,hierd4,1,0,hierd4_1_0_240519_1,f,imago,17.52,1,11.6,96.79764706,2,1.552620065,1.812439,1
45602,1,45431,hierd4,1,0,hierd4_1_0_240519_2,f,imago,21.841,1,9.7,121.4435566,1,1.406829019,1.892439925,1
45602,1,45431,hierd4,1,0,hierd4_1_0_240519_3,f,imago,14.862,1,NA,93.71179234,1,1.204760593,1.560562188,1
45602,1,45431,hierd4,1,0,hierd4_1_0_240519_4,m,imago,14.852,1,3.9,NA,NA,1.125578684,1.435407672,1
45602,1,45431,hierd4,1,0,hierd4_1_0_240519_5,f,imago,16.939,1,NA,110.0467826,1,1.53919887,1.847610399,1
45600,1,45426,hierd0,3,50,hierd0_3_50_240514_2,f,imago,17.126,1,NA,100.7816731,2,NA,NA,NA
45602,1,45431,hierd4,1,0,hierd4_1_0_240519_6,f,imago,18.014,1,NA,81.31148917,1,1.159421266,1.484504918,1
45602,1,45424,hierd4,1,100,hierd4_1_100_240512_1,f,imago,17.748,2,NA,99.62046202,1,1.311779242,1.601059671,2
NA,NA,45426,hierd0,3,100,NA,NA,NA,NA,NA,NA,NA,NA,NA,NA,NA
NA,NA,45426,hierd0,3,150,NA,NA,NA,NA,NA,NA,NA,NA,NA,NA,NA
45602,1,45431,hierd4,1,100,hierd4_1_100_240519_1,f,imago,23.316,1,28.2,144.4613555,1,1.728724138,1.946551724,1
45602,1,45425,hierd4,1,150,hierd4_1_150_240513_1,f,imago,17.823,1,15.9,99.66956562,3,1.489195495,1.859471996,1
45602,1,45425,hierd4,1,150,hierd4_1_150_240513_2,f,imago,20.002,1,NA,111.4032355,1,1.591773954,1.958946155,1
NA,NA,45426,hierd0,4,25,NA,NA,NA,NA,NA,NA,NA,NA,NA,NA,NA
45602,1,45426,hierd4,1,150,hierd4_1_150_240514_2,f,imago,13.609,3,NA,84.39293659,2,1.296075608,1.843954288,1
45602,1,45424,hierd4,1,25,hierd4_1_25_240512_1,f,imago,18.794,1,NA,95.22568454,1,1.509321711,1.923350974,1
45602,1,45431,hierd4,1,25,hierd4_1_25_240519_1,f,imago,19.966,1,12.6,113.5393471,1,1.510767137,1.736630487,1
45602,1,45424,hierd4,1,50,hierd4_1_50_240512_1,f,imago,18.077,1,NA,96.12861865,2,1.194580082,1.657832867,1
45602,1,45426,hierd4,1,50,hierd4_1_50_240514_1,f,imago,21.441,1,NA,107.4729508,2,1.534249234,1.84215269,1
45602,1,45426,hierd4,1,50,hierd4_1_50_240514_2,f,imago,14.97,1,NA,82.86043645,1,1.296406708,1.496003217,2
45602,1,45426,hierd4,1,50,hierd4_1_50_240514_3,f,imago,17.52,1,NA,108.6272667,1,1.36193126,1.601781487,1
45602,1,45426,hierd4,1,50,hierd4_1_50_240514_4,f,imago,18.014,1,17.7,107.506932,1,1.418873236,1.748961682,1
45602,1,45426,hierd4,1,50,hierd4_1_50_240514_5,f,imago,19.198,1,NA,104.6548144,1,1.36248016,1.858248834,1
45602,1,45426,hierd4,1,50,hierd4_1_50_240514_6,f,imago,19.382,1,NA,95.25678247,1,1.478833308,1.759649826,1
45602,1,45426,hierd4,1,50,hierd4_1_50_240514_7,f,imago,16.079,3,NA,NA,NA,1.274439114,1.77407166,2
45602,1,45426,hierd4,1,50,hierd4_1_50_240514_8,f,imago,19.192,1,NA,119.9954921,2,1.771284795,2.018193255,1
45602,1,45431,hierd4,1,50,hierd4_1_50_240519_1,f,imago,21.474,1,7.9,112.1447076,1,1.577506362,1.73957421,1
45602,1,45425,hierd4,2,0,hierd4_2_0_240513_1,f,imago,19.267,1,NA,113.4430154,2,1.724454191,2.148689092,1
45602,1,45425,hierd4,2,0,hierd4_2_0_240513_2,m,imago,16.694,1,5.3,70.05246285,2,1.114279213,1.605377115,1
45602,1,45425,hierd4,2,0,hierd4_2_0_240513_3,m,imago,14.006,2,3.6,59.52859611,2,1.073124835,1.377192495,1
45602,1,45425,hierd4,2,0,hierd4_2_0_240513_4,m,imago,16.122,1,5.5,NA,NA,1.183117522,1.50094569,1
NA,NA,45426,hierd0,5,100,NA,NA,NA,NA,NA,NA,NA,NA,NA,NA,NA
45601,1,45426,hierd4,2,0,hierd4_2_0_240514_1,f,imago,19.45,1,NA,110.1643365,1,1.383457662,1.979441005,1
45601,1,45426,hierd4,2,0,hierd4_2_0_240514_10,f,imago,21.722,1,NA,NA,NA,2.362346636,2.260772872,1
45601,1,45426,hierd4,2,0,hierd4_2_0_240514_11,m,subimago,12.974,1,5.7,56.96354818,3,1.454554791,1.544178563,1
45601,1,45426,hierd4,2,0,hierd4_2_0_240514_12,f,imago,15.966,2,NA,NA,NA,1.376877043,1.938266157,1
45601,1,45426,hierd4,2,0,hierd4_2_0_240514_13,m,subimago,13.449,1,5.6,NA,NA,1.359317634,1.449020384,1
45601,1,45426,hierd4,2,0,hierd4_2_0_240514_14,f,imago,16.139,1,NA,94.16755019,2,1.038468167,1.78621902,1
45601,1,45426,hierd4,2,0,hierd4_2_0_240514_15,m,subimago,14.118,1,6.7,63.76908867,2,1.325742059,1.503350113,1
45601,1,45426,hierd4,1,0,hierd4_1_0_240514_15,NA,NA,NA,NA,NA,NA,NA,NA,NA,NA
45601,1,45426,hierd4,2,0,hierd4_2_0_240514_16,f,subimago,18.712,1,NA,NA,NA,1.934773272,1.976232699,1
45601,1,45426,hierd4,2,0,hierd4_2_0_240514_17,f,subimago,14.307,1,6.6,NA,NA,1.19850317,1.595059076,2
45601,1,45426,hierd4,2,0,hierd4_2_0_240514_18,f,imago,19.922,1,NA,104.3014942,3,1.701876231,1.9858678,1
45601,1,45426,hierd4,2,0,hierd4_2_0_240514_19,f,imago,21.268,1,NA,130.2479596,3,1.508563037,2.123833097,1
45601,1,45426,hierd4,2,0,hierd4_2_0_240514_2,f,imago,21.006,1,NA,121.6389769,1,1.732446313,2.045327634,1
45601,1,45426,hierd4,2,0,hierd4_2_0_240514_20,m,subimago,13.386,1,5.2,NA,NA,1.306874689,1.428290237,1
45601,1,45426,hierd4,2,0,hierd4_2_0_240514_21,f,imago,17.335,1,NA,102.3034575,1,1.369845068,1.880873744,1
45601,1,45426,hierd4,2,0,hierd4_2_0_240514_22,m,imago,14.246,1,4.8,65.62164092,1,1.091163668,1.444880362,1
NA,0,45426,hierd4,1,25,NA,NA,NA,NA,NA,NA,NA,NA,NA,NA,NA
45601,1,45426,hierd4,2,0,hierd4_2_0_240514_23,f,imago,14.51,2,NA,84.42721565,3,1.502854897,2.065972941,1
45601,1,45426,hierd4,2,0,hierd4_2_0_240514_24,f,imago,20.333,1,NA,NA,NA,2.112394915,2.124010464,1
45601,1,45426,hierd4,2,0,hierd4_2_0_240514_25,f,imago,20.733,1,NA,NA,NA,2.087270514,2.040819856,1
45601,1,45426,hierd4,2,0,hierd4_2_0_240514_3,f,imago,17.38,1,7.6,114.0043769,2,1.618789888,2.159475407,1
45601,1,45426,hierd4,2,0,hierd4_2_0_240514_4,f,imago,18.091,1,NA,80.87082069,3,1.350484754,1.896919088,1
45601,1,45426,hierd4,2,0,hierd4_2_0_240514_5,f,imago,18.482,1,7.9,121.4140347,1,1.513657736,1.959447348,1
45601,1,45426,hierd4,2,0,hierd4_2_0_240514_6,f,imago,17.34,1,NA,95.71346969,3,1.380351701,1.778982665,1
45601,1,45426,hierd4,2,0,hierd4_2_0_240514_7,m,imago,14.962,1,5.6,68.01807516,1,1.030138881,1.557654906,1
NA,NA,45426,hierd4,1,100,NA,NA,NA,NA,NA,NA,NA,NA,NA,NA,NA
45602,1,45426,hierd4,1,150,hierd4_1_150_240514_1,f,imago,15.346,1,NA,95.47260553,2,NA,NA,NA
45601,1,45426,hierd4,2,0,hierd4_2_0_240514_8,f,subimago,19.033,1,NA,NA,NA,1.95943609,1.751151755,1
45601,1,45426,hierd4,2,0,hierd4_2_0_240514_9,f,imago,16.391,2,NA,83.69175533,1,1.364949809,1.583927911,1
45602,1,45431,hierd4,2,0,hierd4_2_0_240519_1,f,imago,21.793,1,6.8,118.1928955,1,1.415699673,1.744303938,2
45602,1,45431,hierd4,2,0,hierd4_2_0_240519_2,f,imago,21.164,1,NA,107.4854388,1,1.429257705,1.79141927,1
45602,1,45431,hierd4,2,0,hierd4_2_0_240519_3,m,imago,16.001,2,4.4,72.45773702,1,0.7218322,1.218570266,2
45595,1,45434,hierd4,2,0,hierd4_2_0_240522_1,f,imago,18.263,2,6.3,104.165471,1,1.300282468,1.701030219,1
45602,1,45424,hierd4,2,100,hierd4_2_100_240512_1,f,imago,19.763,1,NA,89.09687869,3,1.609052817,1.895502536,1
45602,1,45424,hierd4,2,150,hierd4_2_150_240512_1,f,imago,18.018,1,NA,107.6394353,2,1.631590165,1.98096862,1
45602,1,45426,hierd4,2,150,hierd4_2_150_240514_1,f,imago,19.4,1,NA,96.77874808,3,1.52503353,1.929330918,1
45602,1,45426,hierd4,2,150,hierd4_2_150_240514_2,f,imago,20.348,1,NA,109.4564375,2,1.485913685,1.786544292,1
45602,1,45424,hierd4,2,25,hierd4_2_25_240512_1,m,imago,15.675,1,7,78.44009931,1,1.025398969,1.413101899,1
45602,1,45424,hierd4,2,25,hierd4_2_25_240512_2,m,imago,16.081,1,4.6,68.20078246,2,1.193806676,1.465608721,1
45602,1,45425,hierd4,2,25,hierd4_2_25_240513_1,m,imago,16.37,1,5,63.66914435,1,1.103418792,1.574761071,1
45602,1,45431,hierd4,2,25,hierd4_2_25_240519_1,f,imago,21.076,1,NA,119.0217356,1,1.581645732,1.903392754,1
45602,1,45426,hierd4,2,50,hierd4_2_50_240514_1,f,imago,18.407,3,NA,108.0878125,2,1.208162815,1.819650559,1
45602,1,45426,hierd4,2,50,hierd4_2_50_240514_2,f,imago,21.083,1,NA,116.4083825,1,1.492157312,1.9167239,1
45602,1,45426,hierd4,2,50,hierd4_2_50_240514_3,f,imago,21.923,1,NA,125.6049554,1,1.763020418,1.907013369,1
45602,1,45426,hierd4,2,50,hierd4_2_50_240514_4,f,imago,19.601,1,NA,117.1636185,2,1.602333499,2.096324016,1
45602,1,45431,hierd4,2,50,hierd4_2_50_240519_1,f,imago,20.646,1,8.1,114.6641901,1,1.615970764,1.841149,1
45602,1,45431,hierd4,2,50,hierd4_2_50_240519_2,f,imago,20.071,1,NA,128.4102507,1,1.450979986,1.644770417,2
45602,1,45424,hierd4,3,0,hierd4_3_0_240512_1,f,imago,18.311,1,NA,91.12178032,1,1.114571093,1.693682173,1
45602,1,45424,hierd4,3,0,hierd4_3_0_240512_2,f,imago,18.166,1,NA,98.64716969,3,2.071690462,1.88916588,1
45602,1,45424,hierd4,3,0,hierd4_3_0_240512_3,m,imago,15.096,1,4.9,50.74197384,3,1.083068966,1.442965517,1
45602,1,45424,hierd4,3,0,hierd4_3_0_240512_4,f,imago,18.283,1,NA,105.2606122,2,1.743574787,1.909161615,1
45602,1,45425,hierd4,3,0,hierd4_3_0_240513_1,f,imago,19.667,1,14.6,NA,NA,2.000969819,1.841803318,1
45602,1,45425,hierd4,3,0,hierd4_3_0_240513_2,m,subimago,18.398,1,6.7,74.91465315,2,1.477632724,2.167275892,2
NA,NA,45426,hierd4,2,25,NA,NA,NA,NA,NA,NA,NA,NA,NA,NA,NA
45602,1,45425,hierd4,3,0,hierd4_3_0_240513_3,f,imago,18.284,1,20.5,100.2321,3,2.100640585,2.111085664,1
45602,1,45425,hierd4,3,0,hierd4_3_0_240513_4,m,imago,14.031,1,6.2,74.04851447,2,1.202511369,1.679817811,1
45602,1,45425,hierd4,3,0,hierd4_3_0_240513_5,f,imago,16.564,1,NA,78.37241185,2,1.568607047,1.889460065,1
45601,1,45426,hierd4,3,0,hierd4_3_0_240514_1,f,imago,15.861,1,NA,97.54451315,2,2.115603526,1.871867842,1
NA,NA,45426,hierd4,2,100,NA,NA,NA,NA,NA,NA,NA,NA,NA,NA,NA
45601,1,45426,hierd4,3,0,hierd4_3_0_240514_10,m,imago,13.667,2,4.3,64.65156382,1,1.116063769,1.543616561,1
45601,1,45426,hierd4,3,0,hierd4_3_0_240514_11,f,subimago,19.585,1,14.6,94.53571486,1,1.876874501,1.746347302,1
45601,1,45426,hierd4,3,0,hierd4_3_0_240514_12,f,imago,11.263,3,NA,109.6092896,1,1.442487305,1.655470382,1
45601,1,45426,hierd4,3,0,hierd4_3_0_240514_13,m,subimago,17.228,1,61,60.20811713,1,1.254817306,1.756197632,1
45601,1,45426,hierd4,3,0,hierd4_3_0_240514_15,m,imago,12.271,1,5.5,67.09803782,1,1.221952384,1.592841674,2
45601,1,45426,hierd4,3,0,hierd4_3_0_240514_16,m,subimago,16.959,1,7.1,66.50782548,3,1.055360578,1.732043494,2
45601,1,45426,hierd4,3,0,hierd4_3_0_240514_2,f,imago,21.412,1,NA,117.8500034,1,2.121796121,2.032915426,1
45601,1,45426,hierd4,3,0,hierd4_3_0_240514_14,m,subimago,12.781,2,5.6,NA,NA,1.418415426,1.366731013,1
45601,1,45426,hierd4,3,0,hierd4_3_0_240514_3,f,imago,19.248,1,10.8,125.5795573,1,1.513882141,1.717741376,1
45601,1,45426,hierd4,3,0,hierd4_3_0_240514_4,f,imago,17.344,1,7.9,103.7820349,1,1.577192813,2.015444096,1
45601,1,45426,hierd4,3,0,hierd4_3_0_240514_17,NA,NA,NA,NA,NA,NA,NA,NA,NA,NA
45601,1,45426,hierd4,3,0,hierd4_3_0_240514_5,m,imago,14.496,1,5,63.01039597,2,0.851057922,1.751645194,1
45601,1,45426,hierd4,3,0,hierd4_3_0_240514_6,f,imago,17.723,3,14.7,95.05278802,1,1.989293481,1.970837546,1
45601,1,45426,hierd4,3,0,hierd4_3_0_240514_7,m,imago,14.781,1,5.2,60.91634177,2,1.111598963,1.533725151,1
45601,1,45426,hierd4,3,0,hierd4_3_0_240514_8,f,imago,15.811,2,NA,85.28724901,3,1.658922478,2.017131433,1
45601,1,45426,hierd4,3,0,hierd4_3_0_240514_9,m,imago,14.385,1,4.5,70.03545645,2,0.977657882,1.683094695,1
45602,1,45430,hierd4,3,0,hierd4_3_0_240518_1,f,imago,20.365,1,NA,NA,NA,1.59914727,2.002354036,2
45602,1,45431,hierd4,3,0,hierd4_3_0_240519_1,f,imago,19.845,1,7.2,72.57099491,1,1.34017969,1.769056907,1
45602,1,45431,hierd4,3,0,hierd4_3_0_240519_2,m,imago,16.641,1,4.5,70.36356924,1,0.799423788,1.27609211,2
45595,1,45434,hierd4,3,0,hierd4_3_0_240522_1,f,imago,17.535,1,6.1,106.1392201,1,1.269350592,1.966006369,1
45595,1,45434,hierd4,3,0,hierd4_3_0_240522_2,f,imago,19.506,1,6.6,105.6465472,1,1.593560918,1.870275142,1
45602,1,45425,hierd4,3,100,hierd4_3_100_240513_1,f,imago,17.185,1,12.3,103.9826176,1,1.677689427,1.684758246,1
45602,1,45426,hierd4,3,100,hierd4_3_100_240514_1,f,imago,21.172,1,23,116.3986505,2,1.874818653,1.959412781,1
45602,1,45426,hierd4,3,100,hierd4_3_100_240514_2,f,imago,19.915,1,NA,117.75869,1,1.842043526,2.127637553,1
45601,1,45426,hierd4,3,150,hierd4_3_150_240514_1,f,imago,18.466,1,14.9,93.11070689,1,1.554318168,1.920697628,1
45602,1,45424,hierd4,3,25,hierd4_3_25_240512_1,m,imago,18.278,1,7.7,81.63599106,1,1.153851493,1.624365835,1
45602,1,45424,hierd4,3,25,hierd4_3_25_240512_2,m,imago,13.807,1,4.1,61.00635696,1,0.870043365,1.325585429,1
45602,1,45425,hierd4,3,25,hierd4_3_25_240513_1,f,imago,20.397,1,NA,109.8660095,1,1.534155,1.828474149,1
45601,1,45426,hierd4,3,25,hierd4_3_25_240514_1,f,imago,20.578,1,8.7,136.67272,1,1.59426102,2.005566119,1
45601,1,45426,hierd4,3,25,hierd4_3_25_240514_10,f,subimago,20.545,1,NA,NA,NA,2.038337064,2.00375609,1
45601,1,45426,hierd4,3,25,hierd4_3_25_240514_11,f,imago,18.188,1,17.9,103.2918619,2,1.760531231,2.067475963,1
45601,1,45426,hierd4,3,25,hierd4_3_25_240514_12,f,imago,17.847,1,NA,115.803769,2,1.396262565,1.8439704,1
45601,1,45426,hierd4,3,25,hierd4_3_25_240514_13,f,imago,19.38,1,14.7,95.87177427,3,2.117644201,1.999764031,1
45601,1,45426,hierd4,3,25,hierd4_3_25_240514_14,m,imago,15.525,1,4.2,63.57720577,3,1.062872703,1.509082762,1
45601,1,45426,hierd4,3,25,hierd4_3_25_240514_2,m,imago,15.908,1,4.5,70.04736691,1,1.045446661,1.667337381,1
45601,1,45426,hierd4,3,25,hierd4_3_25_240514_3,m,imago,16.073,1,4.6,73.34126836,1,1.265054823,1.711355539,1
45601,1,45426,hierd4,3,25,hierd4_3_25_240514_4,f,imago,18.286,1,9.5,117.8288622,2,1.875416505,2.157181929,1
45601,1,45426,hierd4,3,25,hierd4_3_25_240514_5,f,imago,21.561,1,17.5,91.02476344,1,1.782883321,1.897272159,1
45601,1,45426,hierd4,3,25,hierd4_3_25_240514_6,m,subimago,14.939,1,NA,NA,NA,1.415725099,1.760881363,1
45601,1,45426,hierd4,3,25,hierd4_3_25_240514_7,m,imago,14.177,1,3.6,58.16261659,3,0.866547184,1.502860688,1
45601,1,45426,hierd4,3,25,hierd4_3_25_240514_8,f,imago,18.272,1,NA,80.8037335,3,1.655921837,1.810302625,1
45601,1,45426,hierd4,3,25,hierd4_3_25_240514_9,f,imago,18.115,1,NA,NA,NA,1.528408419,1.908137651,1
45602,1,45430,hierd4,3,25,hierd4_3_25_240518_1,f,imago,19.382,1,NA,107.3812318,1,1.632500712,1.591182128,1
45602,1,45430,hierd4,3,25,hierd4_3_25_240518_2,f,imago,19.324,1,NA,105.2485563,1,1.959993889,2.028638292,1
45602,1,45431,hierd4,3,25,hierd4_3_25_240519_1,m,imago,15.616,1,NA,62.15543926,2,1.150218335,1.520695072,1
45602,1,45431,hierd4,3,25,hierd4_3_25_240519_2,f,imago,21.715,1,NA,115.7173303,1,1.560056465,1.864248447,2
45602,1,45431,hierd4,3,25,hierd4_3_25_240519_3,f,imago,20.737,1,NA,103.7905335,1,1.456750873,1.699899782,1
45602,1,45431,hierd4,3,25,hierd4_3_25_240519_4,m,subimago,14.789,1,5.8,68.63336916,2,1.624491968,1.441669662,1
45602,1,45431,hierd4,3,25,hierd4_3_25_240519_5,m,subimago,16.084,1,6,NA,NA,1.340072113,1.433412694,1
45602,1,45431,hierd4,3,25,hierd4_3_25_240519_6,f,imago,19.799,1,NA,112.2516409,1,1.639959733,1.727010087,1
45602,1,45431,hierd4,3,25,hierd4_3_25_240519_7,f,imago,20.27,1,NA,123.9511094,1,1.632896802,1.876380074,1
45595,1,45434,hierd4,3,25,hierd4_3_25_240522_1,f,imago,19.506,1,7.5,96.71971303,1,1.367910052,1.748667801,1
45595,1,45434,hierd4,3,25,hierd4_3_25_240522_2,f,imago,20.483,1,9.7,123.7757718,1,1.714375556,1.962153224,1
45595,1,45434,hierd4,3,25,hierd4_3_25_240522_3,f,imago,21.596,1,7.5,100.0898689,1,1.741213725,1.813989986,1
45595,1,45434,hierd4,3,25,hierd4_3_25_240522_4,f,imago,15.65,3,5,83.07323302,3,1.394150974,1.579804332,1
45595,1,45434,hierd4,3,25,hierd4_3_25_240522_5,m,imago,16.612,2,4.7,65.21046775,2,1.140764732,1.621050685,1
45595,1,45434,hierd4,3,25,hierd4_3_25_240522_6,f,imago,22.45,3,8.2,121.8406824,1,1.642266268,1.954796129,1
45595,1,45434,hierd4,3,25,hierd4_3_25_240522_7,f,imago,21.297,1,6.9,115.7602346,1,1.821757503,2.003209256,1
45602,1,45424,hierd4,3,50,hierd4_3_50_240512_1,f,imago,18.165,1,NA,98.1269843,2,1.704370056,2.110918938,1
45602,1,45424,hierd4,3,50,hierd4_3_50_240512_2,f,imago,15.892,1,NA,95.26173539,2,1.568469159,1.75431695,1
45602,1,45424,hierd4,3,50,hierd4_3_50_240512_3,f,imago,18.79,1,NA,98.67052245,3,1.667323289,1.807251831,1
45602,1,45424,hierd4,3,50,hierd4_3_50_240512_4,f,imago,18.771,2,NA,95.17887648,3,1.377136913,1.681300557,1
45602,1,45424,hierd4,3,50,hierd4_3_50_240512_5,f,imago,15.536,1,NA,100.50435,3,1.256176023,1.811644858,1
45602,1,45426,hierd4,4,0,hierd4_4_0_240514_27,NA,NA,NA,NA,NA,NA,NA,NA,NA,NA
45602,1,45426,hierd4,4,0,hierd4_4_0_240514_28,NA,NA,NA,NA,NA,NA,NA,NA,NA,NA
45602,1,45426,hierd4,3,50,hierd4_3_50_240514_1,f,imago,21.625,1,NA,134.1638643,1,1.986897435,2.027520956,1
45602,1,45426,hierd4,3,50,hierd4_3_50_240514_2,f,imago,20.103,1,NA,99.45290713,2,1.523028635,1.820444395,1
45602,1,45426,hierd4,3,50,hierd4_3_50_240514_3,f,imago,20.943,1,NA,109.6065996,1,1.86189072,1.915073721,1
45602,1,45426,hierd4,3,50,hierd4_3_50_240514_4,f,imago,18.896,2,8.8,97.37270572,1,1.594916672,1.992755877,1
45602,1,45426,hierd4,3,50,hierd4_3_50_240514_5,m,imago,15.986,1,5,97.61816717,1,1.10902711,1.568272578,1
45602,1,45426,hierd4,3,50,hierd4_3_50_240514_6,f,imago,19.305,1,NA,102.2488809,2,1.731828346,1.850672206,1
45602,1,45426,hierd4,3,50,hierd4_3_50_240514_7,f,imago,17.523,1,NA,109.3298503,2,1.576745987,1.692753343,1
45602,1,45426,hierd4,3,50,hierd4_3_50_240514_8,f,imago,21.158,1,NA,117.1790652,2,1.791521567,1.944482983,1
45602,1,45424,hierd4,4,0,hierd4_4_0_240512_1,f,imago,18.472,1,NA,100.5403226,2,1.642087233,1.777308935,1
45602,1,45424,hierd4,4,0,hierd4_4_0_240512_2,m,imago,15.789,1,5.7,69.82362479,2,1.122315495,1.369464848,1
45602,1,45425,hierd4,4,0,hierd4_4_0_240513_1,f,imago,16.276,1,NA,107.4825235,2,1.488815548,1.602839529,2
NA,NA,45426,hierd4,4,50,NA,NA,NA,NA,NA,NA,NA,NA,NA,NA,NA
45602,1,45425,hierd4,4,0,hierd4_4_0_240513_2,f,imago,14.352,1,NA,89.38457721,1,1.283314902,1.496233066,1
45602,1,45425,hierd4,4,0,hierd4_4_0_240513_3,f,imago,19.439,1,NA,105.8778063,1,1.350116621,1.84635655,1
45602,1,45425,hierd4,4,0,hierd4_4_0_240513_4,f,imago,16.269,1,NA,99.48618935,1,1.209082112,1.561204036,1
45602,1,45425,hierd4,4,0,hierd4_4_0_240513_5,m,imago,14.74,1,6.1,NA,NA,1.317929132,1.440582804,1
45602,1,45425,hierd4,4,0,hierd4_4_0_240513_6,f,imago,17.759,1,NA,99.04481261,2,1.476731176,1.92252704,1
45602,1,45426,hierd4,4,150,hierd4_4_150_240514_1,f,imago,NA,3,NA,69.48989654,3,NA,NA,NA
45602,1,45425,hierd4,4,0,hierd4_4_0_240513_7,m,imago,15.742,1,5.6,70.77055249,2,1.101246903,1.510815262,1
45602,1,45426,hierd4,4,0,hierd4_4_0_240514_1,f,imago,19.947,1,NA,NA,NA,1.568703897,1.869113091,1
45602,1,45426,hierd4,4,0,hierd4_4_0_240514_10,f,imago,17.242,1,9.1,117.721996,1,1.651367592,1.794205001,1
45602,1,45426,hierd4,4,0,hierd4_4_0_240514_11,f,imago,17.809,3,NA,109.338704,2,1.428566501,1.736602123,1
45602,1,45426,hierd4,4,0,hierd4_4_0_240514_12,f,imago,19.906,1,NA,NA,NA,1.637767937,1.780251842,1
45602,1,45426,hierd4,4,0,hierd4_4_0_240514_13,f,imago,16.269,2,NA,NA,NA,1.541626298,1.792249135,1
45602,1,45426,hierd4,4,0,hierd4_4_0_240514_14,f,imago,20.187,1,NA,131.2803012,1,1.679507357,1.990536148,1
45602,1,45426,hierd4,4,0,hierd4_4_0_240514_15,f,imago,19.59,1,NA,NA,NA,1.656493727,1.726112622,1
45602,1,45426,hierd4,4,0,hierd4_4_0_240514_16,f,imago,14.808,2,NA,102.7491087,2,1.498424658,1.782089041,1
45602,1,45426,hierd4,4,0,hierd4_4_0_240514_17,f,imago,17.953,1,NA,118.4399238,2,1.980602873,1.955705783,1
45602,1,45426,hierd4,4,0,hierd4_4_0_240514_18,f,imago,19.192,1,NA,117.5600194,1,1.782405498,1.888247423,1
45602,1,45426,hierd4,4,0,hierd4_4_0_240514_19,f,imago,21.82,1,NA,116.4102441,3,1.548546713,1.937750865,1
45602,1,45426,hierd4,4,0,hierd4_4_0_240514_2,f,imago,18.401,1,NA,NA,NA,1.577602762,1.845869066,1
45602,1,45426,hierd4,4,0,hierd4_4_0_240514_20,f,imago,16.602,3,NA,NA,NA,1.379474152,1.790177004,1
45602,1,45426,hierd4,4,0,hierd4_4_0_240514_21,f,imago,19.182,2,NA,109.0499405,3,1.187655172,1.72662069,2
45602,1,45426,hierd4,4,0,hierd4_4_0_240514_22,f,imago,20.899,1,NA,122.213659,3,1.422383839,1.819942616,1
45602,1,45426,hierd4,4,0,hierd4_4_0_240514_23,f,imago,19.035,1,NA,118.5361176,2,1.415453473,1.599139328,2
45602,1,45426,hierd4,4,0,hierd4_4_0_240514_24,f,imago,18.204,3,NA,NA,NA,1.41628338,1.457129127,2
45602,1,45426,hierd4,4,0,hierd4_4_0_240514_25,f,imago,19.895,1,NA,NA,NA,2.124445115,1.940981537,2
45602,1,45426,hierd4,4,0,hierd4_4_0_240514_26,f,imago,17.922,1,NA,81.19323222,3,1.549941649,1.914532848,1
45602,1,45426,hierd4,4,0,hierd4_4_0_240514_3,f,imago,15.543,1,10,126.6863877,1,1.675264523,1.963743396,1
NA,NA,45426,hierd4,5,25,NA,NA,NA,NA,NA,NA,NA,NA,NA,1.925530657,NA
45602,1,45426,hierd4,4,0,hierd4_4_0_240514_4,f,imago,18.589,2,NA,NA,NA,1.575968609,1.925530657,1
45602,1,45426,hierd4,4,0,hierd4_4_0_240514_5,f,imago,19.117,1,NA,120.4459934,2,1.571605875,1.815245122,1
45602,1,45426,hierd4,4,0,hierd4_4_0_240514_6,f,imago,15.528,1,NA,89.3308055,1,1.295423514,1.727185146,1
45602,1,45426,hierd4,4,0,hierd4_4_0_240514_7,f,imago,20.309,1,12.3,136.4646288,2,1.522573254,2.048465902,1
NA,NA,45430,hierd0,1,0,NA,NA,NA,NA,NA,NA,NA,NA,NA,NA,NA
NA,NA,45430,hierd0,1,25,NA,NA,NA,NA,NA,NA,NA,NA,NA,NA,NA
NA,NA,45430,hierd0,1,50,NA,NA,NA,NA,NA,NA,NA,NA,NA,NA,NA
NA,NA,45430,hierd0,1,100,NA,NA,NA,NA,NA,NA,NA,NA,NA,NA,NA
NA,NA,45430,hierd0,1,150,NA,NA,NA,NA,NA,NA,NA,NA,NA,NA,NA
NA,NA,45430,hierd0,2,0,NA,NA,NA,NA,NA,NA,NA,NA,NA,NA,NA
NA,NA,45430,hierd0,2,25,NA,NA,NA,NA,NA,NA,NA,NA,NA,NA,NA
NA,NA,45430,hierd0,2,50,NA,NA,NA,NA,NA,NA,NA,NA,NA,NA,NA
NA,NA,45430,hierd0,2,100,NA,NA,NA,NA,NA,NA,NA,NA,NA,NA,NA
NA,NA,45430,hierd0,2,150,NA,NA,NA,NA,NA,NA,NA,NA,NA,NA,NA
NA,NA,45430,hierd0,3,0,NA,NA,NA,NA,NA,NA,NA,NA,NA,NA,NA
NA,NA,45430,hierd0,3,25,NA,NA,NA,NA,NA,NA,NA,NA,NA,NA,NA
NA,NA,45430,hierd0,3,50,NA,NA,NA,NA,NA,NA,NA,NA,NA,NA,NA
NA,NA,45430,hierd0,3,100,NA,NA,NA,NA,NA,NA,NA,NA,NA,NA,NA
NA,NA,45430,hierd0,3,150,NA,NA,NA,NA,NA,NA,NA,NA,NA,NA,NA
NA,NA,45430,hierd0,4,0,NA,NA,NA,NA,NA,NA,NA,NA,NA,NA,NA
NA,NA,45430,hierd0,4,25,NA,NA,NA,NA,NA,NA,NA,NA,NA,NA,NA
NA,NA,45430,hierd0,4,50,NA,NA,NA,NA,NA,NA,NA,NA,NA,NA,NA
NA,NA,45430,hierd0,4,100,NA,NA,NA,NA,NA,NA,NA,NA,NA,NA,NA
NA,NA,45430,hierd0,4,150,NA,NA,NA,NA,NA,NA,NA,NA,NA,NA,NA
NA,NA,45430,hierd0,5,0,NA,NA,NA,NA,NA,NA,NA,NA,NA,NA,NA
NA,NA,45430,hierd0,5,25,NA,NA,NA,NA,NA,NA,NA,NA,NA,NA,NA
NA,NA,45430,hierd0,5,50,NA,NA,NA,NA,NA,NA,NA,NA,NA,NA,NA
NA,NA,45430,hierd0,5,100,NA,NA,NA,NA,NA,NA,NA,NA,NA,NA,NA
NA,NA,45430,hierd0,5,150,NA,NA,NA,NA,NA,NA,NA,NA,NA,NA,NA
45602,1,45426,hierd4,4,0,hierd4_4_0_240514_8,f,imago,16.892,3,NA,117.5842228,1,1.615124534,1.880099986,1
45602,1,45426,hierd4,4,0,hierd4_4_0_240514_9,f,imago,17.285,2,NA,109.29946,1,1.460444069,1.864180677,1
45602,1,45431,hierd4,4,0,hierd4_4_0_240519_1,f,imago,15.866,1,NA,126.4882832,1,1.762977812,1.933054538,1
NA,NA,45430,hierd4,1,25,NA,NA,NA,NA,NA,NA,NA,NA,NA,NA,NA
NA,NA,45430,hierd4,1,50,NA,NA,NA,NA,NA,NA,NA,NA,NA,NA,NA
NA,NA,45430,hierd4,1,100,NA,NA,NA,NA,NA,NA,NA,NA,NA,NA,NA
NA,NA,45430,hierd4,1,150,NA,NA,NA,NA,NA,NA,NA,NA,NA,NA,NA
NA,NA,45430,hierd4,2,0,NA,NA,NA,NA,NA,NA,NA,NA,NA,NA,NA
NA,NA,45430,hierd4,2,25,NA,NA,NA,NA,NA,NA,NA,NA,NA,NA,NA
NA,NA,45430,hierd4,2,50,NA,NA,NA,NA,NA,NA,NA,NA,NA,NA,NA
NA,NA,45430,hierd4,2,100,NA,NA,NA,NA,NA,NA,NA,NA,NA,NA,NA
NA,NA,45430,hierd4,2,150,NA,NA,NA,NA,NA,NA,NA,NA,NA,NA,NA
45602,1,45431,hierd4,4,0,hierd4_4_0_240519_2,f,imago,19.859,1,NA,106.1389579,1,1.597440884,1.857712297,1
45602,1,45431,hierd4,4,0,hierd4_4_0_240519_3,f,imago,19.386,1,NA,114.7942986,1,1.733274484,1.827582878,1
45602,1,45431,hierd4,4,0,hierd4_4_0_240519_4,f,imago,18.312,1,NA,84.70394463,1,1.475610513,1.664712657,1
NA,NA,45430,hierd4,3,50,NA,NA,NA,NA,NA,NA,NA,NA,NA,NA,NA
NA,NA,45430,hierd4,3,100,NA,NA,NA,NA,NA,NA,NA,NA,NA,NA,NA
NA,NA,45430,hierd4,3,150,NA,NA,NA,NA,NA,NA,NA,NA,NA,NA,NA
NA,NA,45430,hierd4,4,0,NA,NA,NA,NA,NA,NA,NA,NA,NA,NA,NA
NA,NA,45430,hierd4,4,25,NA,NA,NA,NA,NA,NA,NA,NA,NA,NA,NA
NA,NA,45430,hierd4,4,50,NA,NA,NA,NA,NA,NA,NA,NA,NA,NA,NA
NA,NA,45430,hierd4,4,100,NA,NA,NA,NA,NA,NA,NA,NA,NA,NA,NA
NA,NA,45430,hierd4,4,150,NA,NA,NA,NA,NA,NA,NA,NA,NA,NA,NA
NA,NA,45430,hierd4,5,0,NA,NA,NA,NA,NA,NA,NA,NA,NA,NA,NA
NA,NA,45430,hierd4,5,25,NA,NA,NA,NA,NA,NA,NA,NA,NA,NA,NA
NA,NA,45430,hierd4,5,50,NA,NA,NA,NA,NA,NA,NA,NA,NA,NA,NA
NA,NA,45430,hierd4,5,100,NA,NA,NA,NA,NA,NA,NA,NA,NA,NA,NA
NA,NA,45430,hierd4,5,150,NA,NA,NA,NA,NA,NA,NA,NA,NA,NA,NA
NA,0,45431,hierd0,1,0,NA,NA,NA,NA,NA,NA,NA,NA,NA,NA,NA
NA,0,45431,hierd0,1,25,NA,NA,NA,NA,NA,NA,NA,NA,NA,NA,NA
NA,0,45431,hierd0,1,50,NA,NA,NA,NA,NA,NA,NA,NA,NA,NA,NA
NA,NA,45431,hierd0,1,100,NA,NA,NA,NA,NA,NA,NA,NA,NA,NA,NA
NA,0,45431,hierd0,1,150,NA,NA,NA,NA,NA,NA,NA,NA,NA,NA,NA
NA,0,45431,hierd0,2,0,NA,NA,NA,NA,NA,NA,NA,NA,NA,NA,NA
45602,1,45431,hierd4,4,0,hierd4_4_0_240519_5,f,imago,21.469,1,NA,138.3835023,2,1.765036479,2.004634035,1
45602,1,45431,hierd4,4,0,hierd4_4_0_240519_6,f,imago,19.338,1,NA,92.21304264,1,1.696105181,1.590813809,1
NA,NA,45431,hierd0,2,50,NA,NA,NA,NA,NA,NA,NA,NA,NA,NA,NA
NA,NA,45431,hierd0,2,100,NA,NA,NA,NA,NA,NA,NA,NA,NA,NA,NA
NA,0,45431,hierd0,2,150,NA,NA,NA,NA,NA,NA,NA,NA,NA,NA,NA
45602,1,45431,hierd4,4,0,hierd4_4_0_240519_7,f,imago,22.985,1,13.1,144.0591911,1,1.956569878,2.062273369,1
NA,0,45431,hierd0,3,25,NA,NA,NA,NA,NA,NA,NA,NA,NA,NA,NA
NA,0,45431,hierd0,3,50,NA,NA,NA,NA,NA,NA,NA,NA,NA,NA,NA
NA,0,45431,hierd0,3,100,NA,NA,NA,NA,NA,NA,NA,NA,NA,NA,NA
NA,0,45431,hierd0,3,150,NA,NA,NA,NA,NA,NA,NA,NA,NA,NA,NA
NA,0,45431,hierd0,4,0,NA,NA,NA,NA,NA,NA,NA,NA,NA,NA,NA
NA,NA,45431,hierd0,4,25,NA,NA,NA,NA,NA,NA,NA,NA,NA,NA,NA
NA,0,45431,hierd0,4,50,NA,NA,NA,NA,NA,NA,NA,NA,NA,NA,NA
45602,1,45424,hierd4,4,100,hierd4_4_100_240512_1,f,imago,16.855,1,NA,84.25982095,3,1.411134576,1.754730875,1
NA,0,45431,hierd0,4,150,NA,NA,NA,NA,NA,NA,NA,NA,NA,NA,NA
NA,0,45431,hierd0,5,0,NA,NA,NA,NA,NA,NA,NA,NA,NA,NA,NA
45602,1,45424,hierd4,4,100,hierd4_4_100_240512_2,f,imago,15.939,3,NA,90.81617002,3,1.635707451,1.830303282,1
NA,0,45431,hierd0,5,50,NA,NA,NA,NA,NA,NA,NA,NA,NA,NA,NA
NA,1,45431,hierd0,5,100,NA,NA,NA,NA,NA,NA,NA,NA,NA,NA,NA
NA,0,45431,hierd0,5,150,NA,NA,NA,NA,NA,NA,NA,NA,NA,NA,NA
45602,1,45424,hierd4,4,100,hierd4_4_100_240512_3,f,imago,14.712,1,7.7,66.04191658,3,1.331372563,1.540421956,1
45602,1,45426,hierd4,4,100,hierd4_4_100_240514_1,f,imago,19.392,1,17.9,117.4037076,1,1.947271269,1.907277076,1
45602,1,45426,hierd4,4,100,hierd4_4_100_240514_2,f,imago,16.984,1,14.4,106.7104022,1,1.60473266,1.763783352,1
45602,1,45426,hierd4,4,100,hierd4_4_100_240514_3,f,imago,18.779,1,NA,105.3945887,1,1.601082484,1.941878607,1
45602,1,45426,hierd4,4,100,hierd4_4_100_240514_4,f,imago,18.27,1,NA,91.56253529,2,1.542576736,1.658597651,1
45602,1,45426,hierd4,4,100,hierd4_4_100_240514_5,f,imago,16.938,1,NA,85.74137059,1,1.56445981,1.452445981,1
45602,1,45425,hierd4,4,150,hierd4_4_150_240513_1,f,imago,21.493,1,NA,129.1800141,1,1.598093135,2.009846812,1
45602,1,45424,hierd4,4,25,hierd4_4_25_240512_1,f,imago,17.876,1,NA,82.62883266,1,1.335532977,1.7285011,1
45602,1,45424,hierd4,4,25,hierd4_4_25_240512_2,f,imago,19.508,1,15.7,98.56509143,1,1.763272885,1.956659826,1
NA,0,45431,hierd4,1,150,NA,NA,NA,NA,NA,NA,NA,NA,NA,NA,NA
45602,1,45426,hierd4,4,25,hierd4_4_25_240514_1,m,imago,17.535,1,6.4,67.5501733,2,1.288491419,1.559200304,1
45602,1,45426,hierd4,4,25,hierd4_4_25_240514_2,f,imago,18.763,1,NA,119.3980559,1,1.605565386,1.99142986,1
45602,1,45426,hierd4,4,25,hierd4_4_25_240514_3,f,imago,16.252,1,14,100.0625985,1,1.381320663,1.442602483,2
45602,1,45426,hierd4,4,25,hierd4_4_25_240514_4,m,imago,14.186,1,NA,NA,NA,1.212626774,1.582266188,1
45602,1,45431,hierd4,4,50,hierd4_4_50_240519_1,f,imago,21.687,1,NA,111.671252,3,1.839143478,1.81897176,1
45602,1,45424,hierd4,5,0,hierd4_5_0_240512_1,f,imago,12.573,2,NA,NA,NA,1.237501731,1.789779809,1
NA,0,45431,hierd4,2,100,NA,NA,NA,NA,NA,NA,NA,NA,NA,NA,NA
NA,0,45431,hierd4,2,150,NA,NA,NA,NA,NA,NA,NA,NA,NA,NA,NA
45602,1,45424,hierd4,5,0,hierd4_5_0_240512_2,f,imago,17.05,3,NA,90.37026603,2,1.210684543,1.530253291,1
45602,1,45424,hierd4,5,0,hierd4_5_0_240512_3,f,subimago,23.614,1,21.2,112.1641023,2,1.968356809,2.036451954,1
45602,1,45424,hierd4,5,0,hierd4_5_0_240512_4,f,imago,18.405,1,NA,91.84314382,3,1.726109203,1.986704732,1
45602,1,45424,hierd4,5,0,hierd4_5_0_240512_5,f,subimago,25.163,1,24.1,114.5575308,2,2.079752898,2.215138474,1
45602,1,45426,hierd4,5,0,hierd4_5_0_240514_1,f,NA,NA,NA,NA,NA,NA,1.368518686,NA,2
45602,1,45426,hierd4,5,0,hierd4_5_0_240514_10,m,subimago,14.155,1,6.1,69.21087862,1,1.370779817,1.268659274,1
45602,1,45426,hierd4,5,0,hierd4_5_0_240514_11,f,imago,15.816,1,NA,95.30921675,3,1.461878144,1.729389764,1
45602,1,45426,hierd4,5,0,hierd4_5_0_240514_12,m,subimago,15.457,1,7,51.14715576,3,1.923758135,1.775784661,1
45602,1,45426,hierd4,5,0,hierd4_5_0_240514_13,f,imago,17.457,1,NA,93.09620537,2,1.987380307,1.753442663,1
NA,1,45431,hierd4,3,50,NA,NA,NA,NA,NA,NA,NA,NA,NA,NA,NA
NA,0,45431,hierd4,3,100,NA,NA,NA,NA,NA,NA,NA,NA,NA,NA,NA
NA,0,45431,hierd4,3,150,NA,NA,NA,NA,NA,NA,NA,NA,NA,NA,NA
45602,1,45426,hierd4,5,0,hierd4_5_0_240514_14,f,imago,19.895,1,NA,108.8703688,2,1.452965438,1.808845357,1
45602,1,45426,hierd4,5,0,hierd4_5_0_240514_15,f,imago,14.863,1,NA,99.1243338,2,1.589440133,1.758089505,1
45602,1,45426,hierd4,5,0,hierd4_5_0_240514_16,f,imago,18.485,1,NA,85.83967059,2,1.461891864,1.771488326,1
45602,1,45426,hierd4,5,0,hierd4_5_0_240514_17,m,subimago,15.743,1,6.1,68.24857586,1,1.457276602,1.712264831,1
45602,1,45426,hierd4,5,0,hierd4_5_0_240514_18,f,imago,18.089,2,NA,118.2542572,2,1.850727654,1.861442628,1
45602,1,45426,hierd4,5,0,hierd4_5_0_240514_19,f,imago,16.662,1,NA,95.2085391,2,1.315520634,1.540201987,1
45602,1,45426,hierd4,5,0,hierd4_5_0_240514_2,f,imago,18.339,3,NA,102.0423856,1,1.538581153,1.735685407,1
NA,0,45431,hierd4,4,25,NA,NA,NA,NA,NA,NA,NA,NA,NA,NA,NA
45602,1,45426,hierd4,5,0,hierd4_5_0_240514_20,f,imago,16.183,1,NA,117.5551795,2,1.349670762,1.730572895,1
NA,0,45431,hierd4,4,100,NA,NA,NA,NA,NA,NA,NA,NA,NA,NA,NA
NA,0,45431,hierd4,4,150,NA,NA,NA,NA,NA,NA,NA,NA,NA,NA,NA
45602,1,45426,hierd4,5,0,hierd4_5_0_240514_21,m,imago,15.995,3,NA,NA,NA,1.007190863,1.460799388,2
45602,1,45426,hierd4,5,0,hierd4_5_0_240514_3,f,subimago,19.355,3,NA,95.34761556,2,1.972587037,1.836815288,1
NA,0,45431,hierd4,5,25,NA,NA,NA,NA,NA,NA,NA,NA,NA,NA,NA
45602,1,45426,hierd4,5,0,hierd4_5_0_240514_4,f,imago,16.716,1,NA,75.98516211,3,1.135661677,1.674283398,1
NA,0,45431,hierd4,5,100,NA,NA,NA,NA,NA,NA,NA,NA,NA,NA,NA
NA,0,45431,hierd4,5,150,NA,NA,NA,NA,NA,NA,NA,NA,NA,NA,NA
NA,0,45434,hierd0,1,0,NA,NA,NA,NA,NA,NA,NA,NA,NA,NA,NA
NA,0,45434,hierd0,1,25,NA,NA,NA,NA,NA,NA,NA,NA,NA,NA,NA
NA,0,45434,hierd0,1,50,NA,NA,NA,NA,NA,NA,NA,NA,NA,NA,NA
NA,0,45434,hierd0,1,100,NA,NA,NA,NA,NA,NA,NA,NA,NA,NA,NA
NA,0,45434,hierd0,1,150,NA,NA,NA,NA,NA,NA,NA,NA,NA,NA,NA
NA,0,45434,hierd0,2,0,NA,NA,NA,NA,NA,NA,NA,NA,NA,NA,NA
NA,0,45434,hierd0,2,25,NA,NA,NA,NA,NA,NA,NA,NA,NA,NA,NA
NA,0,45434,hierd0,2,50,NA,NA,NA,NA,NA,NA,NA,NA,NA,NA,NA
NA,0,45434,hierd0,2,100,NA,NA,NA,NA,NA,NA,NA,NA,NA,NA,NA
45602,1,45426,hierd4,5,0,hierd4_5_0_240514_5,f,imago,16.008,3,NA,101.3536183,1,1.512182203,1.742654438,1
45595,1,45434,hierd0,3,0,hierd0_3_0_240522_1,f,imago,19.49,1,14.9,106.4915119,1,NA,NA,NA
NA,0,45434,hierd0,3,25,NA,NA,NA,NA,NA,NA,NA,NA,NA,NA,NA
NA,0,45434,hierd0,3,50,NA,NA,NA,NA,NA,NA,NA,NA,NA,NA,NA
NA,0,45434,hierd0,3,100,NA,NA,NA,NA,NA,NA,NA,NA,NA,NA,NA
NA,0,45434,hierd0,3,150,NA,NA,NA,NA,NA,NA,NA,NA,NA,NA,NA
NA,0,45434,hierd0,4,0,NA,NA,NA,NA,NA,NA,NA,NA,NA,NA,NA
45602,1,45426,hierd4,5,0,hierd4_5_0_240514_6,f,imago,17.219,2,NA,NA,NA,1.468424406,1.794181514,1
NA,0,45434,hierd0,4,50,NA,NA,NA,NA,NA,NA,NA,NA,NA,NA,NA
NA,0,45434,hierd0,4,100,NA,NA,NA,NA,NA,NA,NA,NA,NA,NA,NA
NA,0,45434,hierd0,4,150,NA,NA,NA,NA,NA,NA,NA,NA,NA,NA,NA
45602,1,45426,hierd4,5,0,hierd4_5_0_240514_7,f,imago,16.025,1,NA,93.92364589,2,1.350789409,1.752072369,1
45595,1,45434,hierd0,5,25,hierd0_5_25_240522_1,f,subimago,19.709,1,8.7,125.5151986,1,NA,NA,NA
NA,NA,45434,hierd0,5,50,NA,NA,NA,NA,NA,NA,NA,NA,NA,NA,NA
45602,1,45426,hierd4,5,0,hierd4_5_0_240514_8,f,imago,17.368,2,NA,128.3068986,1,1.825928493,2.16451717,1
NA,0,45434,hierd0,5,150,NA,NA,NA,NA,NA,NA,NA,NA,NA,NA,NA
NA,0,45434,hierd4,1,0,NA,NA,NA,NA,NA,NA,NA,NA,NA,NA,NA
NA,0,45434,hierd4,1,25,NA,NA,NA,NA,NA,NA,NA,NA,NA,NA,NA
NA,0,45434,hierd4,1,50,NA,NA,NA,NA,NA,NA,NA,NA,NA,NA,NA
NA,0,45434,hierd4,1,100,NA,NA,NA,NA,NA,NA,NA,NA,NA,NA,NA
NA,0,45434,hierd4,1,150,NA,NA,NA,NA,NA,NA,NA,NA,NA,NA,NA
45602,1,45426,hierd4,5,0,hierd4_5_0_240514_9,f,imago,17.683,1,NA,115.1450296,2,1.480231139,1.89223092,1
45595,1,45434,hierd4,2,0,hierd4_2_0_240522_2,f,imago,17.255,2,8,116.235764,1,NA,NA,NA
NA,0,45434,hierd4,2,25,NA,NA,NA,NA,NA,NA,NA,NA,NA,NA,NA
NA,0,45434,hierd4,2,50,NA,NA,NA,NA,NA,NA,NA,NA,NA,NA,NA
NA,0,45434,hierd4,2,100,NA,NA,NA,NA,NA,NA,NA,NA,NA,NA,NA
NA,0,45434,hierd4,2,150,NA,NA,NA,NA,NA,NA,NA,NA,NA,NA,NA
45602,1,45431,hierd4,5,0,hierd4_5_0_240519_1,f,imago,21.993,1,NA,106.9504208,2,1.987606254,2.272579271,1
45602,1,45431,hierd4,5,0,hierd4_5_0_240519_2,f,imago,21.696,1,NA,114.6627857,1,1.693040502,1.702587853,1
45602,1,45426,hierd4,5,100,hierd4_5_100_240514_1,f,imago,19.328,1,16.5,96.32963749,2,1.679996105,1.835046456,1
45602,1,45424,hierd4,5,150,hierd4_5_150_240512_1,f,imago,16.836,2,NA,115.2942297,2,1.706520601,1.905208806,1
45602,1,45424,hierd4,5,150,hierd4_5_150_240512_2,f,imago,16.876,1,NA,86.80168841,3,1.265745125,1.519885477,1
45602,1,45426,hierd4,5,150,hierd4_5_150_240514_1,f,imago,21.845,1,NA,127.8250597,2,1.942465259,2.170890599,1
45601,2,45426,hierd4,5,50,hierd4_5_50_240514_1,f,imago,19.99,1,14.5,102.3786828,1,1.744936244,1.936791317,1
45601,2,45426,hierd4,5,50,hierd4_5_50_240514_2,f,imago,20.248,1,NA,106.8458492,2,1.642526933,1.805090075,1
45602,1,45431,hierd4,5,50,hierd4_5_50_240519_1,f,imago,21.36,1,19.6,123.2583212,1,1.647672558,1.860291112,1
45595,1,45434,hierd4,3,25,hierd4_3_25_240522_8,NA,NA,NA,NA,NA,NA,NA,NA,NA,NA
45595,1,45434,hierd4,3,25,hierd4_3_25_240522_9,NA,NA,NA,NA,NA,NA,NA,NA,NA,NA
NA,0,45434,hierd4,3,50,NA,NA,NA,NA,NA,NA,NA,NA,NA,NA,NA
NA,0,45434,hierd4,3,100,NA,NA,NA,NA,NA,NA,NA,NA,NA,NA,NA
NA,0,45434,hierd4,3,150,NA,NA,NA,NA,NA,NA,NA,NA,NA,NA,NA
NA,0,45434,hierd4,4,0,NA,NA,NA,NA,NA,NA,NA,NA,NA,NA,NA
NA,0,45434,hierd4,4,25,NA,NA,NA,NA,NA,NA,NA,NA,NA,NA,NA
NA,0,45434,hierd4,4,50,NA,NA,NA,NA,NA,NA,NA,NA,NA,NA,NA
NA,0,45434,hierd4,4,100,NA,NA,NA,NA,NA,NA,NA,NA,NA,NA,NA
NA,0,45434,hierd4,4,150,NA,NA,NA,NA,NA,NA,NA,NA,NA,NA,NA
NA,0,45434,hierd4,5,0,NA,NA,NA,NA,NA,NA,NA,NA,NA,NA,NA
NA,0,45434,hierd4,5,25,NA,NA,NA,NA,NA,NA,NA,NA,NA,NA,NA
NA,NA,45434,hierd4,5,50,NA,NA,NA,NA,NA,NA,NA,NA,NA,NA,NA
NA,NA,45434,hierd4,5,100,NA,NA,NA,NA,NA,NA,NA,NA,NA,NA,NA
NA,0,45434,hierd4,5,150,NA,NA,NA,NA,NA,NA,NA,NA,NA,NA,NA
